{
  "grandsv.project_id": "BJXWZ-201906026",
  "grandsv.sample_id": "DM19A1788",
  "grandsv.svcaller": "sniffles",
  "grandsv.ref": "/sfs/database/hg19/human_g1k_v37.fasta",
  "grandsv.aligner": "ngmlr",
  "grandsv.fastq": "obs://backup-nextomics-wh/Sequencing/Nanopore/PCT0009/201907/20190711-WNP0312-P5-PAD63281/PAD63281/qc_report/fastq/20190711-WNP0312-P5-PAD63281.pass.fastq.gz",
  "grandsv.ref_version": "hg19",
  "grandsv.ont_sv_path": "/sfs/grandsv/project/1.ONT",
  "grandsv.aligner_docker": "swr.cn-north-1.myhuaweicloud.com/grandomics_bj/ngmlr:v0.27-s",
  "grandsv.aligner_mem": "32G",
  "grandsv.aligner_cpu": "16",
  "grandsv.svcaller_docker": "swr.cn-north-1.myhuaweicloud.com/grandomics_bj/sniffles:v1.0.11-s",
  "grandsv.svcaller_mem": "16G",
  "grandsv.svcaller_cpu": "4"
}
