{
  "grandsv.project_id": "BJXWZ-20190724",
  "grandsv.sample_id": "demo",
  "grandsv.svcaller": "sniffles",
  "grandsv.ref": "/sfs/database/hg19/human_g1k_v37.fasta",
  "grandsv.aligner": "ngmlr",
  "grandsv.fastq": "obs://grandomics-bj-ftp/GCS/project/1.ONT/BJXWZ-test/test0001/qc/PBNP18L0145-A1_pass_reads.fq.gz",
  "grandsv.ref_version": "hg19",
  "grandsv.ont_sv_path": "/sfs/grandsv/project/1.ONT",
  "grandsv.aligner_docker": "swr.cn-north-1.myhuaweicloud.com/grandomics_bj/ngmlr:v0.27-s",
  "grandsv.aligner_mem": "8G",
  "grandsv.aligner_cpu": "4",
  "grandsv.svcaller_docker": "swr.cn-north-1.myhuaweicloud.com/grandomics_bj/sniffles:v1.0.11-s",
  "grandsv.svcaller_mem": "8G",
  "grandsv.svcaller_cpu": "2"
}
